country,site_code,site_type,data_collection_date,Year,sampling_loc_name,transectid,n_transects,Repeat_sampling_loc,inside_or_outside_NTZ,Latitud_decimal_degree,Longitud_decimal_degree,Reef_zone,Water_depth_m,percent_live_coral_cover,percent_soft_coral_cover,percent_algae_cover,percent_other_biota_cover,percent_available_substrate_cover,percent_mobile_substrate_cover,Percent_bleach,information_source
Indonesia,MAYALIB,prototype,7/8/16,2016,Aikor,M00116,3,No,inside,,,,,23.7,3.7,0.7,,,,0,WWF
Indonesia,MAYALIB,prototype,7/6/14,2014,Barrier in front of Mumes,RH0398,3,Yes,inside,,,,,16.3,20.7,3,,,,0,WWF
Indonesia,MAYALIB,prototype,7/8/16,2016,Barrier in front of Mumes,M00216,3,Yes,inside,,,,,4,6.3,1,,,,0,WWF
Indonesia,MAYALIB,prototype,7/6/14,2014,Barrier in front of Yensner Village,RH0409,3,Yes,inside,,,,,35,19,6.3,,,,0,WWF
Indonesia,MAYALIB,prototype,7/8/16,2016,Barrier in front of Yensner Village,M00316,3,Yes,inside,,,,,50.3,7,8.3,,,,0,WWF
Indonesia,MAYALIB,prototype,7/6/14,2014,Barrier Reef Perum 300,RH0412,3,Yes,outside,,,,,8,33,1.3,,,,0,WWF
Indonesia,MAYALIB,prototype,7/8/16,2016,Barrier Reef Perum 300,M00416,3,Yes,outside,,,,,8.7,34,2,,,,0,WWF
Indonesia,GILIMAT,cohort,9/15/15,2015,Batfish Point,3,,No,outside,,,Fringing,10,23,0,4,12,25,36,,Raymond Jakub
Indonesia,GILIMAT,cohort,9/15/15,2015,Batfish Point,2,,No,outside,,,Fringing,10,15,0,5,11,20,49,,Raymond Jakub
Indonesia,GILIMAT,cohort,9/15/15,2015,Batfish Point,1,,No,outside,,,Fringing,10,13,0,9,14,13,51,,Raymond Jakub
Indonesia,ANAMBAS,cohort,10/4/15,2015,Batu Belah,1,,Yes,outside,3.218533333,106.2164333,Fringing,10,43,4,19,0,4,30,,Raymond Jakub
Indonesia,ANAMBAS,cohort,7/21/17,2017,Batu Belah,1,,Yes,outside,3.21853,106.21643,Fringing,10,42,0,5,0,7,46,0,Raymond Jakub
Indonesia,ANAMBAS,cohort,7/21/17,2017,Batu Belah,2,,Yes,outside,3.21853,106.21643,Fringing,10,42,1,13,0,10,33,1,Raymond Jakub
Indonesia,ANAMBAS,cohort,10/4/15,2015,Batu Belah,2,,Yes,outside,3.218533333,106.2164333,Fringing,10,26,3,25,0,1,45,,Raymond Jakub
Indonesia,ANAMBAS,cohort,10/4/15,2015,Batu Belah,3,,Yes,outside,3.218533333,106.2164333,Fringing,10,52,0,24,4,0,20,,Raymond Jakub
Indonesia,ANAMBAS,cohort,7/21/17,2017,Batu Belah,3,,Yes,outside,3.21853,106.21643,Fringing,10,35,0,13,0,2,50,0,Raymond Jakub
Indonesia,BUMBANG,cohort,7/5/17,2017,Batu Belah,1,,No,TURF,-8.9507,116.3679,Fringing,8,8,22,0,1,66,3,0,Raymond Jakub
Indonesia,BUMBANG,cohort,7/30/15,2015,Batu Belah,1,,No,TURF,-8.9507,116.3679,Fringing,7,25,28,23,4,16,4,,Raymond Jakub
Indonesia,BUMBANG,cohort,7/5/17,2017,Batu Belah,2,,No,TURF,-8.9507,116.3679,Fringing,8,6,14,2,2,74,2,0,Raymond Jakub
Indonesia,BUMBANG,cohort,7/30/15,2015,Batu Belah,2,,No,TURF,-8.9507,116.3679,Fringing,7,24,24,20,2,19,11,,Raymond Jakub
Indonesia,BUMBANG,cohort,7/5/17,2017,Batu Belah,3,,No,TURF,-8.9507,116.3679,Fringing,8,16,18,2,0,62,2,0,Raymond Jakub
Indonesia,BUMBANG,cohort,7/30/15,2015,Batu Belah,3,,No,TURF,-8.9507,116.3679,Fringing,7,23,35,15,3,18,6,,Raymond Jakub
Indonesia,SABANG_,cohort,8/25/15,2015,Batu Daun,1,,No,outside,5.875651217,95.35327042,Fringing,7,60,0,0,0,13,27,,Raymond Jakub
Indonesia,SABANG_,cohort,8/25/15,2015,Batu Daun,3,,No,outside,5.875651217,95.35327042,Fringing,7,55,2,2,2,20,19,,Raymond Jakub
Indonesia,SABANG_,cohort,8/25/15,2015,Batu Daun,2,,No,outside,5.875651217,95.35327042,Fringing,7,40,0,0,0,44,16,,Raymond Jakub
Indonesia,BUMBANG,cohort,7/31/15,2015,Batu Inggur,3,,No,inside,-8.936968597,116.3674657,Fringing,7,30,28,15,4,20,3,,Raymond Jakub
Indonesia,BUMBANG,cohort,7/31/15,2015,Batu Inggur,1,,No,inside,-8.936968597,116.3674657,Fringing,7,29,33,16,1,17,4,,Raymond Jakub
Indonesia,BUMBANG,cohort,7/6/17,2017,Batu Inggur,1,,No,inside,-8.937,116.3675,Fringing,8,30,23,32,0,13,2,0,Raymond Jakub
Indonesia,BUMBANG,cohort,7/6/17,2017,Batu Inggur,3,,No,inside,-8.937,116.3675,Fringing,8,29,14,35,0,20,2,0,Raymond Jakub
Indonesia,BUMBANG,cohort,7/6/17,2017,Batu Inggur,2,,No,inside,-8.937,116.3675,Fringing,8,22,30,30,0,16,2,0,Raymond Jakub
Indonesia,BUMBANG,cohort,7/31/15,2015,Batu Inggur,2,,No,inside,-8.936968597,116.3674657,Fringing,7,22,31,16,5,23,3,,Raymond Jakub
Indonesia,BUMBANG,cohort,12/14/12,2012,Batu Kunduk,3,,Yes,TURF,-8.925133333,116.3661,Fringing,3,36,4,30,1,28,1,,Raymond Jakub
Indonesia,BUMBANG,cohort,7/31/15,2015,Batu Kunduk,3,,Yes,TURF,-8.925133333,116.3661,Fringing,3,36,9,13,2,33,7,,Raymond Jakub
Indonesia,BUMBANG,cohort,7/6/14,2014,Batu Kunduk,2,,Yes,TURF,-8.925133333,116.3661,Fringing,3,32,4,16,7,30,11,,Raymond Jakub
Indonesia,BUMBANG,cohort,7/6/14,2014,Batu Kunduk,3,,Yes,TURF,-8.925133333,116.3661,Fringing,3,31,7,34,4,19,5,,Raymond Jakub
Indonesia,BUMBANG,cohort,7/31/15,2015,Batu Kunduk,2,,Yes,TURF,-8.925133333,116.3661,Fringing,3,31,12,21,5,27,4,,Raymond Jakub
Indonesia,BUMBANG,cohort,12/14/12,2012,Batu Kunduk,1,,Yes,TURF,-8.925133333,116.3661,Fringing,3,30,1,8,2,58,1,,Raymond Jakub
Indonesia,BUMBANG,cohort,7/31/15,2015,Batu Kunduk,1,,Yes,TURF,-8.925133333,116.3661,Fringing,3,30,9,27,3,28,3,,Raymond Jakub
Indonesia,BUMBANG,cohort,7/6/14,2014,Batu Kunduk,1,,Yes,TURF,-8.925133333,116.3661,Fringing,3,28,6,12,1,45,8,,Raymond Jakub
Indonesia,BUMBANG,cohort,7/5/17,2017,Batu Kunduk,3,,No,TURF,-8.9251,116.3661,Fringing,3,32,4,13,0,40,11,0,Raymond Jakub
Indonesia,BUMBANG,cohort,12/14/12,2012,Batu Kunduk,2,,Yes,TURF,-8.925133333,116.3661,Fringing,3,21,5,42,7,17,8,,Raymond Jakub
Indonesia,BUMBANG,cohort,7/5/17,2017,Batu Kunduk,2,,Yes,TURF,-8.9251,116.3661,Fringing,3,25,3,22,1,47,2,0,Raymond Jakub
Indonesia,BUMBANG,cohort,7/5/17,2017,Batu Kunduk,1,,Yes,TURF,-8.9251,116.3661,Fringing,3,23,7,30,0,34,6,0,Raymond Jakub
Indonesia,SABANG_,cohort,8/25/15,2015,Benteng,1,,No,outside,5.845400806,95.37323794,Fringing,7,55,3,0,1,25,16,,Raymond Jakub
Indonesia,SABANG_,cohort,8/25/15,2015,Benteng,2,,No,outside,5.845400806,95.37323794,Fringing,7,49,1,0,0,14,36,,Raymond Jakub
Indonesia,SABANG_,cohort,8/25/15,2015,Benteng,3,,No,outside,5.845400806,95.37323794,Fringing,7,36,1,1,2,31,29,,Raymond Jakub
Indonesia,GILIMAT,cohort,9/15/15,2015,Bongkas Reef,1,,No,outside,,,Fringing,10,21,0,19,29,2,29,,Raymond Jakub
Indonesia,GILIMAT,cohort,9/15/15,2015,Bongkas Reef,3,,No,outside,,,Fringing,10,10,0,31,31,2,26,,Raymond Jakub
Indonesia,GILIMAT,cohort,9/15/15,2015,Bongkas Reef,2,,No,outside,,,Fringing,10,8,0,53,28,0,11,,Raymond Jakub
Indonesia,GILIMAT,cohort,9/17/15,2015,Corner Reef,2,,No,outside,,,Fringing,10,28,10,29,4,0,29,,Raymond Jakub
Indonesia,GILIMAT,cohort,9/17/15,2015,Corner Reef,1,,No,outside,,,Fringing,10,21,17,25,11,1,25,,Raymond Jakub
Indonesia,GILIMAT,cohort,9/17/15,2015,Corner Reef,3,,No,outside,,,Fringing,10,5,19,23,1,0,52,,Raymond Jakub
Indonesia,BUNAKEN,cohort,7/2/17,2017,Depan Kumu,2,,Yes,outside,1.405003,124.591522,Fringing,,61.1,2.4,7.2,3.7,13.8,11.8,,Raymond Jakub
Indonesia,BUNAKEN,cohort,1/1/12,2012,Depan Kumu,1,,Yes,outside,,,Fringing,,31.76,3.66,1.2,8.52,43.34,11.52,,Raymond Jakub
Indonesia,BUNAKEN,cohort,7/1/17,2017,Depan Kumu,1,,Yes,outside,1.405003,124.591522,Fringing,,27.94,32.2,1.3,0,10.06,28.5,,Raymond Jakub
Indonesia,BUNAKEN,cohort,7/3/17,2017,Depan Kumu,3,,Yes,outside,1.405003,124.591522,Fringing,,14.66,17.6,0,8.6,0.4,58.74,,Raymond Jakub
Indonesia,WAKA_DT,cohort,6/24/17,2017,DPL Sumanga,2,,Yes,inside,-5.387,123.62857,Fringing,6,48,3,0,0,4,45,,Raymond Jakub
Indonesia,WAKA_DT,cohort,6/24/17,2017,DPL Sumanga,1,,Yes,inside,-5.387,123.62857,Fringing,6,34,3,0,0,4,59,,Raymond Jakub
Indonesia,WAKA_DT,cohort,9/14/15,2015,DPL Sumanga,3,,Yes,inside,-5.387,123.62857,Fringing,10,38,22,1,16,19,4,,Raymond Jakub
Indonesia,WAKA_DT,cohort,9/14/15,2015,DPL Sumanga,2,,Yes,inside,-5.387,123.62857,Fringing,10,48,16,1,5,15,15,,Raymond Jakub
Indonesia,WAKA_DT,cohort,9/14/15,2015,DPL Sumanga,1,,Yes,inside,-5.387,123.62857,Fringing,10,37,16,1,15,15,16,,Raymond Jakub
Indonesia,KAIMANA,cohort,3/21/15,2015,Ewas (kilo 6),3,,No,outside,-4.195264,133.37817,Patch,10,6,13,26,10,5,40,,Raymond Jakub
Indonesia,KAIMANA,cohort,3/21/15,2015,Ewas (kilo 6),2,,No,outside,-4.195264,133.37817,Patch,10,5,10,33,5,2,45,,Raymond Jakub
Indonesia,KAIMANA,cohort,3/21/15,2015,Ewas (kilo 6),1,,No,outside,-4.195264,133.37817,Patch,10,2,60,4,7,11,16,,Raymond Jakub
Indonesia,BUNAKEN,cohort,7/5/17,2017,Fish Home Poopoh,2,,Yes,TURF,1.409406,124.633269,Fringing,,53.6220919,2.1562323,6.8469832,3.4613202,18.0442595,15.8691129,,Raymond Jakub
Indonesia,BUNAKEN,cohort,7/4/17,2017,Fish Home Poopoh,1,,Yes,TURF,1.409406,124.633269,Fringing,,52.98,28.46,1.16,0,7.52,9.88,,Raymond Jakub
Indonesia,BUNAKEN,cohort,1/1/12,2012,Fish Home Poopoh,1,,Yes,outside,,,Fringing,,12.78,17.26,0.8,1.84,62,5.32,,Raymond Jakub
Indonesia,BUNAKEN,cohort,7/6/17,2017,Fish Home Poopoh,3,,Yes,TURF,1.409406,124.633269,Fringing,,6.1319754,16.5711861,0,2.9492892,0,74.3475493,,Raymond Jakub
Indonesia,MAYALIB,prototype,7/6/14,2014,Irwor Khasab,RH0413,3,Yes,inside,,,,,21.7,15,5,,,,0,WWF
Indonesia,MAYALIB,prototype,7/8/16,2016,Irwor Khasab,M00516,3,Yes,inside,,,,,25,14.7,3.7,,,,0,WWF
Indonesia,MAYALIB,prototype,7/6/14,2014,Irwor Khasab 2,RH0404,3,Yes,inside,,,,,17,16.7,1.3,,,,0,WWF
Indonesia,MAYALIB,prototype,7/8/16,2016,Irwor Khasab 2,M01716,3,Yes,inside,,,,,16,17.3,5,,,,0,WWF
Indonesia,MAYALIB,prototype,7/6/14,2014,Irworikwan,RH0411,3,Yes,outside,,,,,33.3,27.7,6.3,,,,0,WWF
Indonesia,MAYALIB,prototype,7/8/16,2016,Irworikwan,M01416,3,Yes,outside,,,,,32,37.3,4.3,,,,0,WWF
Indonesia,WAKA_NP,cohort,7/18/17,2017,Kapota North 1,1,,Yes,outside,-5.50733,123.44422,Atoll,3,73,5,0,1,21,0,0,Raymond Jakub
Indonesia,WAKA_NP,cohort,7/18/17,2017,Kapota North 1,3,,Yes,outside,-5.50733,123.44422,Atoll,3,71,13,1,3,11,1,0,Raymond Jakub
Indonesia,WAKA_NP,cohort,7/18/17,2017,Kapota North 1,2,,Yes,outside,-5.50733,123.44422,Atoll,3,61,12,0,6,17,4,0,Raymond Jakub
Indonesia,WAKA_NP,cohort,7/18/17,2017,Kapota North 1,1,,Yes,outside,-5.50733,123.44422,Atoll,10,47,5,3,8,33,4,0,Raymond Jakub
Indonesia,WAKA_NP,cohort,9/12/15,2015,Kapota North 1,2,,Yes,outside,-5.518641667,123.3859806,Atoll,10,44,29,0,6,9,12,,Raymond Jakub
Indonesia,WAKA_NP,cohort,9/12/15,2015,Kapota North 1,1,,Yes,outside,-5.518641667,123.3859806,Atoll,10,38,30,0,2,8,22,,Raymond Jakub
Indonesia,WAKA_NP,cohort,9/12/15,2015,Kapota North 1,1,,Yes,outside,-5.518641667,123.3859806,Atoll,3,32,42,0,5,10,11,,Raymond Jakub
Indonesia,WAKA_NP,cohort,9/12/15,2015,Kapota North 1,3,,Yes,outside,-5.518641667,123.3859806,Atoll,3,32,13,1,10,5,39,,Raymond Jakub
Indonesia,WAKA_NP,cohort,9/12/15,2015,Kapota North 1,3,,Yes,outside,-5.518641667,123.3859806,Atoll,10,29,23,8,1,11,28,,Raymond Jakub
Indonesia,WAKA_NP,cohort,7/18/17,2017,Kapota North 1,3,,Yes,outside,-5.50733,123.44422,Atoll,10,40,4,1,5,41,9,0,Raymond Jakub
Indonesia,WAKA_NP,cohort,9/12/15,2015,Kapota North 1,2,,Yes,outside,-5.518641667,123.3859806,Atoll,3,28,29,0,1,24,18,,Raymond Jakub
Indonesia,WAKA_NP,cohort,7/18/17,2017,Kapota North 1,2,,Yes,outside,-5.50733,123.44422,Atoll,10,36,9,6,9,39,1,0,Raymond Jakub
Indonesia,WAKA_NP,cohort,9/12/15,2015,Kapota North 2,1,,Yes,outside,-5.5585,123.41223,Atoll,10,76,2,6,0,5,11,,Raymond Jakub
Indonesia,WAKA_NP,cohort,7/18/17,2017,Kapota North 2,1,,Yes,outside,-5.53934,123.49742,Atoll,10,76,3,6,0,7,8,0,Raymond Jakub
Indonesia,WAKA_NP,cohort,9/12/15,2015,Kapota North 2,1,,Yes,outside,-5.5585,123.41223,Atoll,3,55,4,8,4,14,15,,Raymond Jakub
Indonesia,WAKA_NP,cohort,9/12/15,2015,Kapota North 2,2,,Yes,outside,-5.5585,123.41223,Atoll,10,45,18,13,0,15,9,,Raymond Jakub
Indonesia,WAKA_NP,cohort,9/12/15,2015,Kapota North 2,2,,Yes,outside,-5.5585,123.41223,Atoll,3,29,32,4,2,9,24,,Raymond Jakub
Indonesia,WAKA_NP,cohort,9/12/15,2015,Kapota North 2,3,,Yes,outside,-5.5585,123.41223,Atoll,3,21,29,0,3,23,24,,Raymond Jakub
Indonesia,WAKA_NP,cohort,7/18/17,2017,Kapota North 2,1,,Yes,outside,-5.53934,123.49742,Atoll,3,55,3,8,4,16,14,0,Raymond Jakub
Indonesia,WAKA_NP,cohort,9/12/15,2015,Kapota North 2,3,,Yes,outside,-5.5585,123.41223,Atoll,10,19,46,12,0,12,11,,Raymond Jakub
Indonesia,WAKA_NP,cohort,7/18/17,2017,Kapota North 2,2,,Yes,outside,-5.53934,123.49742,Atoll,10,43,20,13,0,16,8,0,Raymond Jakub
Indonesia,WAKA_NP,cohort,7/18/17,2017,Kapota North 2,2,,Yes,outside,-5.53934,123.49742,Atoll,3,32,33,3,2,8,22,0,Raymond Jakub
Indonesia,WAKA_NP,cohort,7/18/17,2017,Kapota North 2,3,,Yes,outside,-5.53934,123.49742,Atoll,3,30,26,0,4,18,22,0,Raymond Jakub
Indonesia,WAKA_NP,cohort,7/18/17,2017,Kapota North 2,3,,Yes,outside,-5.53934,123.49742,Atoll,10,18,45,12,0,14,11,0,Raymond Jakub
Indonesia,WAKA_NP,cohort,7/17/17,2017,Kapota NTZ,3,,Yes,inside,-5.59,123.47,Atoll,10,43,25,0,5,17,4,6,Raymond Jakub
Indonesia,WAKA_NP,cohort,7/17/17,2017,Kapota NTZ,1,,Yes,inside,-5.59,123.47,Atoll,10,38,36,0,5,12,5,4,Raymond Jakub
Indonesia,WAKA_NP,cohort,7/17/17,2017,Kapota NTZ,2,,Yes,inside,-5.59,123.47,Atoll,10,29,27,0,0,16,7,21,Raymond Jakub
Indonesia,WAKA_NP,cohort,7/17/17,2017,Kapota NTZ,3,,Yes,inside,-5.59,123.47,Atoll,3,25,47,0,5,1,0,22,Raymond Jakub
Indonesia,WAKA_NP,cohort,7/17/17,2017,Kapota NTZ,1,,Yes,inside,-5.59,123.47,Atoll,3,23,61,0,6,7,0,3,Raymond Jakub
Indonesia,WAKA_NP,cohort,9/11/15,2015,Kapota NTZ,2,,Yes,outside,-5.462388889,123.3828944,Atoll,3,42,40,0,12,4,2,,Raymond Jakub
Indonesia,WAKA_NP,cohort,7/17/17,2017,Kapota NTZ,2,,Yes,inside,-5.59,123.47,Atoll,3,23,39,0,6,7,3,22,Raymond Jakub
Indonesia,WAKA_NP,cohort,9/11/15,2015,Kapota NTZ,3,,Yes,outside,-5.462388889,123.3828944,Atoll,3,41,43,0,10,3,3,,Raymond Jakub
Indonesia,WAKA_NP,cohort,9/11/15,2015,Kapota NTZ,3,,Yes,outside,-5.462388889,123.3828944,Atoll,10,35,24,2,9,25,5,,Raymond Jakub
Indonesia,WAKA_NP,cohort,9/11/15,2015,Kapota NTZ,2,,Yes,outside,-5.462388889,123.3828944,Atoll,10,33,22,2,7,30,6,,Raymond Jakub
Indonesia,WAKA_NP,cohort,9/11/15,2015,Kapota NTZ,1,,Yes,outside,-5.462388889,123.3828944,Atoll,3,32,43,0,8,12,5,,Raymond Jakub
Indonesia,WAKA_NP,cohort,9/11/15,2015,Kapota NTZ,1,,Yes,outside,-5.462388889,123.3828944,Atoll,10,30,32,1,8,21,7,,Raymond Jakub
Indonesia,WAKA_NP,cohort,7/16/17,2017,Kapota Pintu,1,,Yes,TURF,-5.46239,123.38289,Atoll,3,46,7,0,22,24,1,0,Raymond Jakub
Indonesia,WAKA_NP,cohort,7/16/17,2017,Kapota Pintu,3,,Yes,TURF,-5.46239,123.38289,Atoll,3,33,34,0,14,16,3,0,Raymond Jakub
Indonesia,WAKA_NP,cohort,7/16/17,2017,Kapota Pintu,1,,Yes,TURF,-5.46239,123.38289,Atoll,10,33,10,3,32,17,5,0,Raymond Jakub
Indonesia,WAKA_NP,cohort,7/16/17,2017,Kapota Pintu,2,,Yes,TURF,-5.46239,123.38289,Atoll,3,31,32,0,19,16,2,0,Raymond Jakub
Indonesia,WAKA_NP,cohort,7/16/17,2017,Kapota Pintu,2,,Yes,TURF,-5.46239,123.38289,Atoll,10,28,9,2,20,40,1,0,Raymond Jakub
Indonesia,WAKA_NP,cohort,9/10/15,2015,Kapota Pintu,2,,Yes,TURF,-5.507325494,123.4442238,Atoll,3,26,42,0,0,11,21,,Raymond Jakub
Indonesia,WAKA_NP,cohort,9/10/15,2015,Kapota Pintu,1,,Yes,TURF,-5.507325494,123.4442238,Atoll,10,25,27,0,12,9,27,,Raymond Jakub
Indonesia,WAKA_NP,cohort,9/10/15,2015,Kapota Pintu,2,,Yes,TURF,-5.507325494,123.4442238,Atoll,10,23,28,1,5,16,27,,Raymond Jakub
Indonesia,WAKA_NP,cohort,7/16/17,2017,Kapota Pintu,3,,Yes,TURF,-5.46239,123.38289,Atoll,10,21,19,2,15,41,2,0,Raymond Jakub
Indonesia,WAKA_NP,cohort,9/10/15,2015,Kapota Pintu,3,,Yes,TURF,-5.507325494,123.4442238,Atoll,10,21,31,0,6,12,30,,Raymond Jakub
Indonesia,WAKA_NP,cohort,9/10/15,2015,Kapota Pintu,1,,Yes,TURF,-5.507325494,123.4442238,Atoll,3,17,37,0,0,11,35,,Raymond Jakub
Indonesia,WAKA_NP,cohort,9/10/15,2015,Kapota Pintu,3,,Yes,TURF,-5.507325494,123.4442238,Atoll,3,14,19,0,0,15,52,,Raymond Jakub
Indonesia,WAKA_NP,cohort,7/16/17,2017,Kapota South 1,2,,Yes,outside,-5.51864,123.38598,Atoll,10,31,24,0,9,28,8,0,Raymond Jakub
Indonesia,WAKA_NP,cohort,9/10/15,2015,Kapota South 1,2,,Yes,outside,-5.539340395,123.4974179,Atoll,10,68,11,0,1,17,3,,Raymond Jakub
Indonesia,WAKA_NP,cohort,9/10/15,2015,Kapota South 1,1,,Yes,outside,-5.539340395,123.4974179,Atoll,10,66,22,0,4,8,0,,Raymond Jakub
Indonesia,WAKA_NP,cohort,9/10/15,2015,Kapota South 1,3,,Yes,outside,-5.539340395,123.4974179,Atoll,10,55,10,0,4,14,17,,Raymond Jakub
Indonesia,WAKA_NP,cohort,9/10/15,2015,Kapota South 1,3,,Yes,outside,-5.539340395,123.4974179,Atoll,3,52,22,0,4,14,8,,Raymond Jakub
Indonesia,WAKA_NP,cohort,7/16/17,2017,Kapota South 1,3,,Yes,outside,-5.51864,123.38598,Atoll,10,26,23,0,14,32,5,0,Raymond Jakub
Indonesia,WAKA_NP,cohort,9/10/15,2015,Kapota South 1,2,,Yes,outside,-5.539340395,123.4974179,Atoll,3,38,39,0,9,12,2,,Raymond Jakub
Indonesia,WAKA_NP,cohort,9/10/15,2015,Kapota South 1,1,,Yes,outside,-5.539340395,123.4974179,Atoll,3,30,39,0,14,15,1,,Raymond Jakub
Indonesia,WAKA_NP,cohort,7/16/17,2017,Kapota South 1,1,,Yes,outside,-5.51864,123.38598,Atoll,10,17,13,0,13,49,8,0,Raymond Jakub
Indonesia,WAKA_NP,cohort,7/16/17,2017,Kapota South 1,2,,Yes,outside,-5.51864,123.38598,Atoll,3,15,31,0,13,37,4,0,Raymond Jakub
Indonesia,WAKA_NP,cohort,7/16/17,2017,Kapota South 1,3,,Yes,outside,-5.51864,123.38598,Atoll,3,13,27,0,10,45,5,0,Raymond Jakub
Indonesia,WAKA_NP,cohort,7/16/17,2017,Kapota South 1,1,,Yes,outside,-5.51864,123.38598,Atoll,3,10,25,1,8,45,11,0,Raymond Jakub
Indonesia,WAKA_NP,cohort,9/11/15,2015,Kapota South 2,2,,Yes,inside,-5.59,123.47,Atoll,10,43,21,7,10,13,6,,Raymond Jakub
Indonesia,WAKA_NP,cohort,9/11/15,2015,Kapota South 2,1,,Yes,inside,-5.59,123.47,Atoll,3,37,30,1,5,16,11,,Raymond Jakub
Indonesia,WAKA_NP,cohort,9/11/15,2015,Kapota South 2,3,,Yes,inside,-5.59,123.47,Atoll,3,35,28,0,7,23,6,,Raymond Jakub
Indonesia,WAKA_NP,cohort,9/11/15,2015,Kapota South 2,3,,Yes,inside,-5.59,123.47,Atoll,10,33,24,2,15,22,4,,Raymond Jakub
Indonesia,WAKA_NP,cohort,7/17/17,2017,Kapota South 2,2,,Yes,outside,-5.5585,123.41223,Atoll,3,43,10,3,4,40,0,0,Raymond Jakub
Indonesia,WAKA_NP,cohort,7/17/17,2017,Kapota South 2,1,,Yes,outside,-5.5585,123.41223,Atoll,3,39,12,0,10,39,0,0,Raymond Jakub
Indonesia,WAKA_NP,cohort,7/17/17,2017,Kapota South 2,3,,Yes,outside,-5.5585,123.41223,Atoll,3,38,14,7,10,29,2,0,Raymond Jakub
Indonesia,WAKA_NP,cohort,7/17/17,2017,Kapota South 2,3,,Yes,outside,-5.5585,123.41223,Atoll,10,36,26,4,4,28,2,0,Raymond Jakub
Indonesia,WAKA_NP,cohort,9/11/15,2015,Kapota South 2,1,,Yes,inside,-5.59,123.47,Atoll,10,31,21,1,19,22,6,,Raymond Jakub
Indonesia,WAKA_NP,cohort,9/11/15,2015,Kapota South 2,2,,Yes,inside,-5.59,123.47,Atoll,3,25,34,1,11,25,4,,Raymond Jakub
Indonesia,WAKA_NP,cohort,7/17/17,2017,Kapota South 2,1,,Yes,outside,-5.5585,123.41223,Atoll,10,27,48,0,5,18,2,0,Raymond Jakub
Indonesia,WAKA_NP,cohort,7/17/17,2017,Kapota South 2,2,,Yes,outside,-5.5585,123.41223,Atoll,10,24,52,2,3,19,0,0,Raymond Jakub
Indonesia,BANDAMP,cohort,1/1/13,2013,Karaka,1,,Yes,outside,-4.50209,129.88533,Slope,10,83.7,10,1,0.3,0.7,4.3,,Raymond Jakub
Indonesia,BANDAMP,cohort,8/8/17,2017,Karaka,3,,Yes,outside,-4.50209,129.88533,Slope,10,73,5,0,9,2,11,0,Raymond Jakub
Indonesia,BANDAMP,cohort,8/8/17,2017,Karaka,1,,Yes,outside,-4.50209,129.88533,Slope,10,65,4,0,13,7,11,0,Raymond Jakub
Indonesia,BANDAMP,cohort,8/8/17,2017,Karaka,2,,Yes,outside,-4.50209,129.88533,Slope,10,62,2,0,24,10,2,0,Raymond Jakub
Indonesia,KARIMUN,Prototype,1/1/13,2013,Karang Kapal,1,,Yes,inside,-5.89937,110.244,,10,87,1,6,1,5,0,,Raymond Jakub
Indonesia,KARIMUN,Prototype,1/1/13,2013,Karang Kapal,4,,Yes,inside,-5.89937,110.244,,10,87,0,13,0,0,0,,Raymond Jakub
Indonesia,KARIMUN,Prototype,1/1/13,2013,Karang Kapal,2,,Yes,inside,-5.89937,110.244,,10,80,1,16,0,3,0,,Raymond Jakub
Indonesia,KARIMUN,Prototype,1/1/13,2013,Karang Kapal,3,,Yes,inside,-5.89937,110.244,,10,73,2,25,0,0,0,,Raymond Jakub
Indonesia,KARIMUN,Prototype,1/1/13,2013,Karang Kapal,1,,Yes,inside,-5.89937,110.244,,3,73,0,6,0,21,0,,Raymond Jakub
Indonesia,KARIMUN,Prototype,5/1/16,2016,Karang Kapal,2,,Yes,inside,-5.89937,110.244,,10,73,1,17,3,6,0,,Raymond Jakub
Indonesia,KARIMUN,Prototype,5/1/16,2016,Karang Kapal,4,,Yes,inside,-5.89937,110.244,,10,72,0,16,1,11,0,,Raymond Jakub
Indonesia,KARIMUN,Prototype,5/1/16,2016,Karang Kapal,1,,Yes,inside,-5.89937,110.244,,10,66,2,18,0,14,0,,Raymond Jakub
Indonesia,KARIMUN,Prototype,5/1/16,2016,Karang Kapal,3,,Yes,inside,-5.89937,110.244,,10,62,0,27,1,10,0,,Raymond Jakub
Indonesia,KARIMUN,Prototype,1/1/13,2013,Karang Kapal,4,,Yes,inside,-5.89937,110.244,,3,59,3,22,0,16,0,,Raymond Jakub
Indonesia,KARIMUN,Prototype,1/1/13,2013,Karang Kapal,2,,Yes,inside,-5.89937,110.244,,3,56,0,24,0,20,0,,Raymond Jakub
Indonesia,KARIMUN,Prototype,1/1/13,2013,Karang Kapal,3,,Yes,inside,-5.89937,110.244,,3,49,4,28,0,19,0,,Raymond Jakub
Indonesia,KARIMUN,Prototype,5/1/16,2016,Karang Kapal,1,,Yes,inside,-5.89937,110.244,,3,41,1,42,0,16,0,,Raymond Jakub
Indonesia,KARIMUN,Prototype,5/1/16,2016,Karang Kapal,4,,Yes,inside,-5.89937,110.244,,3,39,11,37,1,11,1,,Raymond Jakub
Indonesia,KARIMUN,Prototype,5/1/16,2016,Karang Kapal,2,,Yes,inside,-5.89937,110.244,,3,26,3,45,5,9,12,,Raymond Jakub
Indonesia,KARIMUN,Prototype,5/1/16,2016,Karang Kapal,3,,Yes,inside,-5.89937,110.244,,3,25,7,41,4,19,4,,Raymond Jakub
Indonesia,KARIMUN,Prototype,1/1/13,2013,Karang Katang,1,,Yes,outside,-5.80412,110.149,,10,74,1,16,0,7,2,,Raymond Jakub
Indonesia,KARIMUN,Prototype,1/1/13,2013,Karang Katang,4,,Yes,outside,-5.80412,110.149,,10,74,0,9,0,13,4,,Raymond Jakub
Indonesia,KARIMUN,Prototype,1/1/13,2013,Karang Katang,3,,Yes,outside,-5.80412,110.149,,10,69,0,23,3,2,3,,Raymond Jakub
Indonesia,KARIMUN,Prototype,5/1/16,2016,Karang Katang,2,,Yes,outside,-5.80412,110.149,,10,62,0,22,3,8,5,,Raymond Jakub
Indonesia,KARIMUN,Prototype,1/1/13,2013,Karang Katang,2,,Yes,outside,-5.80412,110.149,,10,59,2,24,1,14,0,,Raymond Jakub
Indonesia,KARIMUN,Prototype,1/1/13,2013,Karang Katang,1,,Yes,outside,-5.80412,110.149,,3,59,3,21,0,17,0,,Raymond Jakub
Indonesia,KARIMUN,Prototype,1/1/13,2013,Karang Katang,2,,Yes,outside,-5.80412,110.149,,3,58,3,19,1,19,0,,Raymond Jakub
Indonesia,KARIMUN,Prototype,1/1/13,2013,Karang Katang,3,,Yes,outside,-5.80412,110.149,,3,58,4,17,1,20,0,,Raymond Jakub
Indonesia,KARIMUN,Prototype,5/1/16,2016,Karang Katang,4,,Yes,outside,-5.80412,110.149,,10,56,2,26,2,6,8,,Raymond Jakub
Indonesia,KARIMUN,Prototype,5/1/16,2016,Karang Katang,3,,Yes,outside,-5.80412,110.149,,10,50,3,26,4,12,5,,Raymond Jakub
Indonesia,KARIMUN,Prototype,5/1/16,2016,Karang Katang,3,,Yes,outside,-5.80412,110.149,,3,50,0,33,0,13,4,,Raymond Jakub
Indonesia,KARIMUN,Prototype,5/1/16,2016,Karang Katang,4,,Yes,outside,-5.80412,110.149,,3,49,0,30,2,18,1,,Raymond Jakub
Indonesia,KARIMUN,Prototype,5/1/16,2016,Karang Katang,1,,Yes,outside,-5.80412,110.149,,3,46,2,19,1,31,1,,Raymond Jakub
Indonesia,KARIMUN,Prototype,5/1/16,2016,Karang Katang,1,,Yes,outside,-5.80412,110.149,,10,38,1,36,2,14,9,,Raymond Jakub
Indonesia,KARIMUN,Prototype,5/1/16,2016,Karang Katang,2,,Yes,outside,-5.80412,110.149,,3,37,2,45,1,15,0,,Raymond Jakub
Indonesia,KARIMUN,Prototype,1/1/13,2013,Karang Katang,4,,Yes,outside,-5.80412,110.149,,3,36,1,29,1,33,0,,Raymond Jakub
Indonesia,BUNAKEN,cohort,7/8/17,2017,Karang Tinggi Popareng,2,,No,outside,1.293739,124.504986,Fringing,,71.24,5.18,0.86,7.2,3.68,11.84,,Raymond Jakub
Indonesia,BUNAKEN,cohort,7/7/17,2017,Karang Tinggi Popareng,1,,No,outside,1.293739,124.504986,Fringing,,29.06,1.86,0.54,16.16,14.48,37.9,,Raymond Jakub
Indonesia,BUNAKEN,cohort,7/9/17,2017,Karang Tinggi Popareng,3,,No,outside,1.293739,124.504986,Fringing,,0,0,0,0,0,100,,Raymond Jakub
Indonesia,KARIMUN,Prototype,5/1/16,2016,Katang 1,4,,Yes,inside,-5.79844,110.166,,10,56,0,6,1,28,9,,Raymond Jakub
Indonesia,KARIMUN,Prototype,5/1/16,2016,Katang 1,3,,Yes,inside,-5.79844,110.166,,10,42,1,8,1,42,6,,Raymond Jakub
Indonesia,KARIMUN,Prototype,5/1/16,2016,Katang 1,4,,Yes,inside,-5.79844,110.166,,3,38,6,28,0,28,0,,Raymond Jakub
Indonesia,KARIMUN,Prototype,1/1/13,2013,Katang 1,4,,Yes,inside,-5.79844,110.166,,3,35,4,24,7,30,0,,Raymond Jakub
Indonesia,KARIMUN,Prototype,1/1/13,2013,Katang 1,1,,Yes,inside,-5.79844,110.166,,10,32,0,3,0,64,1,,Raymond Jakub
Indonesia,KARIMUN,Prototype,1/1/13,2013,Katang 1,4,,Yes,inside,-5.79844,110.166,,10,32,3,3,2,56,4,,Raymond Jakub
Indonesia,KARIMUN,Prototype,1/1/13,2013,Katang 1,3,,Yes,inside,-5.79844,110.166,,10,31,3,3,0,63,0,,Raymond Jakub
Indonesia,KARIMUN,Prototype,1/1/13,2013,Katang 1,3,,Yes,inside,-5.79844,110.166,,3,27,0,22,14,37,0,,Raymond Jakub
Indonesia,KARIMUN,Prototype,5/1/16,2016,Katang 1,1,,Yes,inside,-5.79844,110.166,,10,27,0,8,2,60,3,,Raymond Jakub
Indonesia,KARIMUN,Prototype,5/1/16,2016,Katang 1,2,,Yes,inside,-5.79844,110.166,,3,25,9,31,0,31,4,,Raymond Jakub
Indonesia,KARIMUN,Prototype,5/1/16,2016,Katang 1,3,,Yes,inside,-5.79844,110.166,,3,24,4,17,1,53,1,,Raymond Jakub
Indonesia,KARIMUN,Prototype,1/1/13,2013,Katang 1,2,,Yes,inside,-5.79844,110.166,,10,23,0,7,0,68,2,,Raymond Jakub
Indonesia,KARIMUN,Prototype,1/1/13,2013,Katang 1,1,,Yes,inside,-5.79844,110.166,,3,23,4,15,3,55,0,,Raymond Jakub
Indonesia,KARIMUN,Prototype,5/1/16,2016,Katang 1,1,,Yes,inside,-5.79844,110.166,,3,22,0,29,0,47,2,,Raymond Jakub
Indonesia,KARIMUN,Prototype,1/1/13,2013,Katang 1,2,,Yes,inside,-5.79844,110.166,,3,20,5,18,2,55,0,,Raymond Jakub
Indonesia,KARIMUN,Prototype,5/1/16,2016,Katang 1,2,,Yes,inside,-5.79844,110.166,,10,15,1,5,0,75,4,,Raymond Jakub
Indonesia,KARIMUN,Prototype,1/1/13,2013,Katang 2,3,,Yes,inside,-5.80296,110.164,,10,82,0,12,0,6,0,,Raymond Jakub
Indonesia,KARIMUN,Prototype,1/1/13,2013,Katang 2,1,,Yes,inside,-5.80296,110.164,,3,78,0,7,0,15,0,,Raymond Jakub
Indonesia,KARIMUN,Prototype,1/1/13,2013,Katang 2,2,,Yes,inside,-5.80296,110.164,,10,76,0,11,2,11,0,,Raymond Jakub
Indonesia,KARIMUN,Prototype,1/1/13,2013,Katang 2,1,,Yes,inside,-5.80296,110.164,,10,72,1,23,1,3,0,,Raymond Jakub
Indonesia,KARIMUN,Prototype,1/1/13,2013,Katang 2,4,,Yes,inside,-5.80296,110.164,,10,69,0,11,1,17,2,,Raymond Jakub
Indonesia,KARIMUN,Prototype,1/1/13,2013,Katang 2,3,,Yes,inside,-5.80296,110.164,,3,68,0,11,0,21,0,,Raymond Jakub
Indonesia,KARIMUN,Prototype,1/1/13,2013,Katang 2,4,,Yes,inside,-5.80296,110.164,,3,67,0,12,0,20,1,,Raymond Jakub
Indonesia,KARIMUN,Prototype,5/1/16,2016,Katang 2,4,,Yes,inside,-5.80296,110.164,,10,67,0,12,11,9,1,,Raymond Jakub
Indonesia,KARIMUN,Prototype,5/1/16,2016,Katang 2,3,,Yes,inside,-5.80296,110.164,,10,64,0,22,10,4,0,,Raymond Jakub
Indonesia,KARIMUN,Prototype,5/1/16,2016,Katang 2,2,,Yes,inside,-5.80296,110.164,,10,61,0,28,7,4,0,,Raymond Jakub
Indonesia,KARIMUN,Prototype,5/1/16,2016,Katang 2,1,,Yes,inside,-5.80296,110.164,,3,59,0,20,6,15,0,,Raymond Jakub
Indonesia,KARIMUN,Prototype,5/1/16,2016,Katang 2,4,,Yes,inside,-5.80296,110.164,,3,58,0,26,2,14,0,,Raymond Jakub
Indonesia,KARIMUN,Prototype,1/1/13,2013,Katang 2,2,,Yes,inside,-5.80296,110.164,,3,52,0,20,0,28,0,,Raymond Jakub
Indonesia,KARIMUN,Prototype,5/1/16,2016,Katang 2,1,,Yes,inside,-5.80296,110.164,,10,45,0,42,12,1,0,,Raymond Jakub
Indonesia,KARIMUN,Prototype,5/1/16,2016,Katang 2,3,,Yes,inside,-5.80296,110.164,,3,43,0,25,5,27,0,,Raymond Jakub
Indonesia,KARIMUN,Prototype,5/1/16,2016,Katang 2,2,,Yes,inside,-5.80296,110.164,,3,40,0,18,1,41,0,,Raymond Jakub
Indonesia,KAIMANA,cohort,3/20/15,2015,Kawaram,2,,Yes,outside,-4.111549,132.99496,Patch,10,27,3,20,12,7,31,,Raymond Jakub
Indonesia,KAIMANA,cohort,3/20/15,2015,Kawaram,1,,Yes,outside,-4.111549,132.99496,Patch,10,22,4,29,10,7,28,,Raymond Jakub
Indonesia,KAIMANA,cohort,3/20/15,2015,Kawaram,3,,Yes,outside,-4.111549,132.99496,Patch,10,19,1,10,10,5,55,,Raymond Jakub
Indonesia,KAIMANA,cohort,8/8/17,2017,Kawaram ,3,,Yes,outside,-4.11155,132.99496,Fringing,8,36,2,0,3,28,31,0,Raymond Jakub
Indonesia,KAIMANA,cohort,8/8/17,2017,Kawaram ,1,,Yes,outside,-4.11155,132.99496,Fringing,8,33,4,0,7,8,48,0,Raymond Jakub
Indonesia,KAIMANA,cohort,8/8/17,2017,Kawaram ,2,,Yes,outside,-4.11155,132.99496,Fringing,8,21,12,0,2,16,49,0,Raymond Jakub
Indonesia,TAKABON,cohort,7/25/17,2017,KLA1 - Taka Latondu Kecil,3,,Yes,inside,-6.55527,120.93676,Fringing,10,43,13,12,3,5,24,0,Raymond Jakub
Indonesia,TAKABON,cohort,7/25/17,2017,KLA1 - Taka Latondu Kecil,2,,Yes,inside,-6.55527,120.93676,Fringing,10,34,11,4,0,3,48,0,Raymond Jakub
Indonesia,TAKABON,cohort,7/25/17,2017,KLA1 - Taka Latondu Kecil,1,,Yes,inside,-6.55527,120.93676,Fringing,10,9,26,4,1,11,49,0,Raymond Jakub
Indonesia,TAKABON,cohort,5/10/16,2016,KLA1 - Taka Latondu Kecil,1,,Yes,inside,-6.54816,120.9264,Fringing,10,62,12,5,6,7,8,,Raymond Jakub
Indonesia,TAKABON,cohort,5/10/16,2016,KLA1 - Taka Latondu Kecil,3,,Yes,inside,-6.54816,120.9264,Fringing,10,46,23,1,4,12,11,,Raymond Jakub
Indonesia,TAKABON,cohort,5/10/16,2016,KLA1 - Taka Latondu Kecil,2,,Yes,inside,-6.54816,120.9264,Fringing,10,30,25,1,3,8,32,,Raymond Jakub
Indonesia,BUNAKEN,cohort,7/11/17,2017,Laikit Popareng,2,,No,outside,,,Fringing,,83.08,0.7,0,5.04,3.4,7.78,,Raymond Jakub
Indonesia,BUNAKEN,cohort,7/10/17,2017,Laikit Popareng,1,,No,outside,,,Fringing,,50.04,1.6,0,0,16.76,31.6,,Raymond Jakub
Indonesia,BUNAKEN,cohort,7/12/17,2017,Laikit Popareng,3,,No,outside,,,Fringing,,43.5,5.26,0,15.28,6.88,29.08,,Raymond Jakub
Indonesia,BUNAKEN,cohort,7/14/17,2017,Malchon Poopoh,2,,Yes,TURF,1.41615,124.628083,Fringing,,70.38,2.06,5.7,3.52,8.02,10.32,,Raymond Jakub
Indonesia,BUNAKEN,cohort,7/13/17,2017,Malchon Poopoh,1,,Yes,TURF,1.41615,124.628083,Fringing,,28.84,12.08,0.8,0,17.64,40.64,,Raymond Jakub
Indonesia,BUNAKEN,cohort,7/15/17,2017,Malchon Poopoh,3,,Yes,TURF,1.41615,124.628083,Fringing,,14.66,17.6,0,8.6,0.4,58.74,,Raymond Jakub
Indonesia,BUNAKEN,cohort,1/1/12,2012,Malchon Poopoh,1,,Yes,outside,,,Fringing,,6.5,10.36,0,15.48,61.86,5.8,,Raymond Jakub
Indonesia,BANDAMP,cohort,8/8/17,2017,Mangku Batu,3,,Yes,inside,-4.50712,129.9081,Slope,10,67,10,0,9,1,13,0,Raymond Jakub
Indonesia,BANDAMP,cohort,8/8/17,2017,Mangku Batu,1,,Yes,inside,-4.50712,129.9081,Slope,10,52,12,0,9,2,25,0,Raymond Jakub
Indonesia,BANDAMP,cohort,8/8/17,2017,Mangku Batu,2,,Yes,inside,-4.50712,129.9081,Slope,10,52,8,0,5,6,29,0,Raymond Jakub
Indonesia,BANDAMP,cohort,1/1/13,2013,Mangku Batu,1,,Yes,inside,-4.50712,129.9081,Slope,10,34.7,25.7,4,3,6,26.6,,Raymond Jakub
Indonesia,MAYALIB,prototype,7/6/14,2014,MB1,RH0407,3,Yes,inside,,,,,9,6.3,0.3,,,,0,WWF
Indonesia,MAYALIB,prototype,7/8/16,2016,MB1,M01916,3,Yes,inside,,,,,2.7,14.7,10.7,,,,0,WWF
Indonesia,MAYALIB,prototype,7/6/14,2014,MB2,RH0402,3,Yes,inside,,,,,17.7,21.7,7.7,,,,0,WWF
Indonesia,MAYALIB,prototype,7/6/14,2014,MB2,RH0405,3,Yes,inside,,,,,7,21.7,1.7,,,,0,WWF
Indonesia,MAYALIB,prototype,7/8/16,2016,MB2,M02016,3,Yes,inside,,,,,10.7,30,4.7,,,,0,WWF
Indonesia,MAYALIB,prototype,7/6/14,2014,MB3,RH0401,3,Yes,outside,,,,,20.3,15.3,0,,,,0,WWF
Indonesia,MAYALIB,prototype,7/8/16,2016,MB3,M02116,3,Yes,outside,,,,,23.3,14,1,,,,0,WWF
Indonesia,MAYALIB,prototype,7/6/14,2014,MB4,RH0396,3,Yes,outside,,,,,17,24.3,2.7,,,,0,WWF
Indonesia,MAYALIB,prototype,7/8/16,2016,MB4,M02216,3,Yes,outside,,,,,14.3,24.3,0.3,,,,0,WWF
Indonesia,MAYALIB,prototype,7/6/14,2014,MB6,RH0408,3,Yes,outside,,,,,25,26.7,2,,,,0,WWF
Indonesia,MAYALIB,prototype,7/8/16,2016,MB6,M02316,3,Yes,outside,,,,,23,34,3,,,,0,WWF
Indonesia,MAYALIB,prototype,7/6/14,2014,Mouth of Mayalibit Bay,RH0400,3,Yes,inside,,,,,9,17,23.7,,,,0,WWF
Indonesia,MAYALIB,prototype,7/8/16,2016,Mouth of Mayalibit Bay,M00616,3,Yes,inside,,,,,1.7,7,5.7,,,,0,WWF
Indonesia,MAYALIB,prototype,7/6/14,2014,Mumes,RH0399,3,Yes,inside,,,,,6,2,1,,,,0,WWF
Indonesia,MAYALIB,prototype,7/8/16,2016,Mumes,M00716,3,Yes,inside,,,,,15,3.3,10.7,,,,0,WWF
Indonesia,GILIMAT,cohort,7/8/17,2017,North Meno,2,,Yes,TURF,,,Fringing,12,67,9,0,1,15,8,0,Raymond Jakub
Indonesia,GILIMAT,cohort,7/8/17,2017,North Meno,1,,Yes,TURF,,,Fringing,12,62,1,0,3,4,30,0,Raymond Jakub
Indonesia,GILIMAT,cohort,9/17/15,2015,North Meno,2,,Yes,TURF,-8.34207,116.06185,Fringing,10,38,28,1,13,0,20,,Raymond Jakub
Indonesia,GILIMAT,cohort,7/8/17,2017,North Meno,3,,Yes,TURF,,,Fringing,12,30,3,0,1,20,46,0,Raymond Jakub
Indonesia,GILIMAT,cohort,9/17/15,2015,North Meno,1,,Yes,TURF,-8.34207,116.06185,Fringing,10,29,28,0,3,3,37,,Raymond Jakub
Indonesia,GILIMAT,cohort,9/17/15,2015,North Meno,3,,Yes,TURF,-8.34207,116.06185,Fringing,10,20,9,3,1,9,58,,Raymond Jakub
Indonesia,KOLONOB,cohort,8/30/15,2015,NTZ 1/ DPL Tumbuî Jaya,1,,Yes,inside,-4.38772,122.74915,Fringing,10,48,0,1,3,18,30,,Raymond Jakub
Indonesia,KOLONOB,cohort,6/11/17,2017,NTZ 1/ DPL Tumbuî Jaya,2,,Yes,inside,-4.38772,122.74915,Fringing,8,45,0,0,0,36,19,,Raymond Jakub
Indonesia,KOLONOB,cohort,8/30/15,2015,NTZ 1/ DPL Tumbuî Jaya,2,,Yes,inside,-4.38772,122.74915,Fringing,10,35,0,2,3,25,35,,Raymond Jakub
Indonesia,KOLONOB,cohort,6/11/17,2017,NTZ 1/ DPL Tumbuî Jaya,3,,Yes,inside,-4.38772,122.74915,Fringing,8,35,0,0,0,19,46,,Raymond Jakub
Indonesia,KOLONOB,cohort,6/11/17,2017,NTZ 1/ DPL Tumbuî Jaya,1,,Yes,inside,-4.38772,122.74915,Fringing,8,30,0,0,0,34,36,,Raymond Jakub
Indonesia,KOLONOB,cohort,8/30/15,2015,NTZ 1/ DPL Tumbuî Jaya,3,,Yes,inside,-4.38772,122.74915,Fringing,10,26,0,0,0,8,66,,Raymond Jakub
Indonesia,ANAMBAS,cohort,10/1/15,2015,NTZ 2,3,,Yes,inside,3.165291992,106.3006695,Fringing,10,63,0,6,0,6,25,,Raymond Jakub
Indonesia,ANAMBAS,cohort,10/1/15,2015,NTZ 2,2,,Yes,inside,3.165291992,106.3006695,Fringing,10,62,3,4,3,4,24,,Raymond Jakub
Indonesia,ANAMBAS,cohort,10/1/15,2015,NTZ 2,1,,Yes,inside,3.165291992,106.3006695,Fringing,10,53,0,9,3,12,23,,Raymond Jakub
Indonesia,ANAMBAS,cohort,7/22/17,2017,NTZ 2,3,,Yes,inside,3.16529,106.30067,Fringing,10,44,0,24,1,0,30,1,Raymond Jakub
Indonesia,ANAMBAS,cohort,7/22/17,2017,NTZ 2,1,,Yes,inside,3.16529,106.30067,Fringing,10,38,2,25,1,0,34,0,Raymond Jakub
Indonesia,ANAMBAS,cohort,7/22/17,2017,NTZ 2,2,,Yes,inside,3.16529,106.30067,Fringing,10,31,4,30,1,0,34,0,Raymond Jakub
Indonesia,KOLONOB,cohort,6/10/17,2017,NTZ 2/ DPL Ngapawali,1,,Yes,inside,-4.41088,122.77388,Fringing,8,42,0,0,1,39,18,,Raymond Jakub
Indonesia,KOLONOB,cohort,6/10/17,2017,NTZ 2/ DPL Ngapawali,2,,Yes,inside,-4.41088,122.77388,Fringing,8,37,1,0,0,17,45,,Raymond Jakub
Indonesia,KOLONOB,cohort,6/10/17,2017,NTZ 2/ DPL Ngapawali,3,,Yes,inside,-4.41088,122.77388,Fringing,8,37,0,0,0,26,37,,Raymond Jakub
Indonesia,KOLONOB,cohort,8/29/15,2015,NTZ 2/ DPL Ngapawali,3,,Yes,inside,-4.41088,122.77388,Fringing,9,36,2,0,1,15,46,,Raymond Jakub
Indonesia,KOLONOB,cohort,8/29/15,2015,NTZ 2/ DPL Ngapawali,1,,Yes,inside,-4.41088,122.77388,Fringing,9,35,0,0,4,35,26,,Raymond Jakub
Indonesia,KOLONOB,cohort,8/29/15,2015,NTZ 2/ DPL Ngapawali,2,,Yes,inside,-4.41088,122.77388,Fringing,9,35,3,0,1,32,29,,Raymond Jakub
Indonesia,ANAMBAS,cohort,7/19/17,2017,NTZ1,1,,Yes,inside,3.17845,106.29777,Fringing,10,65,1,26,0,0,8,0,Raymond Jakub
Indonesia,ANAMBAS,cohort,7/19/17,2017,NTZ1,3,,Yes,inside,3.17845,106.29777,Fringing,10,60,0,6,0,0,34,0,Raymond Jakub
Indonesia,ANAMBAS,cohort,10/1/15,2015,NTZ1,2,,Yes,inside,3.178453284,106.2977728,Fringing,10,44,2,9,4,0,41,,Raymond Jakub
Indonesia,ANAMBAS,cohort,10/1/15,2015,NTZ1,3,,Yes,inside,3.178453284,106.2977728,Fringing,10,44,3,9,1,6,37,,Raymond Jakub
Indonesia,ANAMBAS,cohort,10/1/15,2015,NTZ1,1,,Yes,inside,3.178453284,106.2977728,Fringing,10,39,10,14,0,2,35,,Raymond Jakub
Indonesia,ANAMBAS,cohort,7/19/17,2017,NTZ1,2,,Yes,inside,3.17845,106.29777,Fringing,10,31,0,11,0,1,57,0,Raymond Jakub
Indonesia,KARIMUN,Prototype,5/1/16,2016,Nyamuk,4,,Yes,inside,-5.82071,110.206,,10,85,0,11,0,3,1,,Raymond Jakub
Indonesia,KARIMUN,Prototype,5/1/16,2016,Nyamuk,1,,Yes,inside,-5.82071,110.206,,10,80,1,17,0,1,1,,Raymond Jakub
Indonesia,KARIMUN,Prototype,5/1/16,2016,Nyamuk,2,,Yes,inside,-5.82071,110.206,,10,79,0,14,0,5,2,,Raymond Jakub
Indonesia,KARIMUN,Prototype,5/1/16,2016,Nyamuk,3,,Yes,inside,-5.82071,110.206,,10,78,0,12,0,5,5,,Raymond Jakub
Indonesia,KARIMUN,Prototype,1/1/13,2013,Nyamuk,2,,Yes,inside,-5.82071,110.206,,10,75,0,13,2,10,0,,Raymond Jakub
Indonesia,KARIMUN,Prototype,1/1/13,2013,Nyamuk,4,,Yes,inside,-5.82071,110.206,,10,73,0,16,0,2,9,,Raymond Jakub
Indonesia,KARIMUN,Prototype,1/1/13,2013,Nyamuk,3,,Yes,inside,-5.82071,110.206,,10,67,0,27,1,5,0,,Raymond Jakub
Indonesia,KARIMUN,Prototype,1/1/13,2013,Nyamuk,1,,Yes,inside,-5.82071,110.206,,10,65,0,24,0,10,1,,Raymond Jakub
Indonesia,KARIMUN,Prototype,5/1/16,2016,Nyamuk,4,,Yes,inside,-5.82071,110.206,,3,65,1,22,2,10,0,,Raymond Jakub
Indonesia,KARIMUN,Prototype,5/1/16,2016,Nyamuk,1,,Yes,inside,-5.82071,110.206,,3,59,3,25,1,12,0,,Raymond Jakub
Indonesia,KARIMUN,Prototype,1/1/13,2013,Nyamuk,4,,Yes,inside,-5.82071,110.206,,3,56,2,31,1,10,0,,Raymond Jakub
Indonesia,KARIMUN,Prototype,1/1/13,2013,Nyamuk,1,,Yes,inside,-5.82071,110.206,,3,46,0,43,0,11,0,,Raymond Jakub
Indonesia,KARIMUN,Prototype,1/1/13,2013,Nyamuk,3,,Yes,inside,-5.82071,110.206,,3,44,2,33,0,21,0,,Raymond Jakub
Indonesia,KARIMUN,Prototype,5/1/16,2016,Nyamuk,2,,Yes,inside,-5.82071,110.206,,3,44,1,35,0,19,1,,Raymond Jakub
Indonesia,KARIMUN,Prototype,5/1/16,2016,Nyamuk,3,,Yes,inside,-5.82071,110.206,,3,35,4,48,1,12,0,,Raymond Jakub
Indonesia,KARIMUN,Prototype,1/1/13,2013,Nyamuk,2,,Yes,inside,-5.82071,110.206,,3,33,3,48,0,16,0,,Raymond Jakub
Indonesia,TAKABON,cohort,7/25/17,2017,outside1 - Taka Dangka,3,,No,outside,-6.59081,120.94416,Patch,10,26,30,12,5,6,21,0,Raymond Jakub
Indonesia,TAKABON,cohort,7/25/17,2017,outside1 - Taka Dangka,1,,No,outside,-6.59081,120.94416,Patch,10,18,25,3,6,4,44,0,Raymond Jakub
Indonesia,TAKABON,cohort,7/25/17,2017,outside1 - Taka Dangka,2,,No,outside,-6.59081,120.94416,Patch,10,17,25,5,2,4,47,0,Raymond Jakub
Indonesia,TAKABON,cohort,7/24/17,2017,outside3 - Taka Silebu,2,,No,outside,-6.56895,120.94524,Fringing,10,34,18,0,9,6,33,0,Raymond Jakub
Indonesia,TAKABON,cohort,7/24/17,2017,outside3 - Taka Silebu,1,,No,outside,-6.56895,120.94524,Fringing,10,24,29,0,4,2,41,0,Raymond Jakub
Indonesia,TAKABON,cohort,7/24/17,2017,outside3 - Taka Silebu,3,,No,outside,-6.56895,120.94524,Fringing,10,20,18,0,2,8,52,0,Raymond Jakub
Indonesia,KAIMANA,cohort,3/24/15,2015,P. Karawatu,3,,No,inside,-4.10970144,133.0226295,Fringing,10,19,1,10,14,7,48,,Raymond Jakub
Indonesia,KAIMANA,cohort,3/24/15,2015,P. Karawatu,1,,No,inside,-4.10970144,133.0226295,Fringing,10,8,50,0,7,3,32,,Raymond Jakub
Indonesia,KAIMANA,cohort,3/24/15,2015,P. Karawatu,2,,No,inside,-4.10970144,133.0226295,Fringing,10,4,59,1,10,2,24,,Raymond Jakub
Indonesia,KAIMANA,cohort,3/24/15,2015,P. Kilimala,1,,No,outside,-4.116979027,132.974887,Fringing,10,2,0,75,0,0,23,,Raymond Jakub
Indonesia,KAIMANA,cohort,3/24/15,2015,P. Kilimala,2,,No,outside,-4.116979027,132.974887,Fringing,10,1,0,36,1,0,62,,Raymond Jakub
Indonesia,KAIMANA,cohort,3/24/15,2015,P. Kilimala,3,,No,outside,-4.116979027,132.974887,Fringing,10,0,0,0,0,0,100,,Raymond Jakub
Indonesia,KAIMANA,cohort,3/20/15,2015,P. Nusaulan,3,,Yes,outside,-4.093224965,133.062005,Patch,10,29,14,6,9,22,20,,Raymond Jakub
Indonesia,KAIMANA,cohort,8/5/17,2017,P. Nusaulan,2,,Yes,outside,-4.11698,132.97489,Fringing,3,25,15,0,4,56,0,0,Raymond Jakub
Indonesia,KAIMANA,cohort,8/5/17,2017,P. Nusaulan,3,,Yes,outside,-4.11698,132.97489,Fringing,3,23,16,0,4,57,0,0,Raymond Jakub
Indonesia,KAIMANA,cohort,3/20/15,2015,P. Nusaulan,1,,Yes,outside,-4.093224965,133.062005,Patch,10,19,15,4,7,32,23,,Raymond Jakub
Indonesia,KAIMANA,cohort,3/20/15,2015,P. Nusaulan,2,,Yes,outside,-4.093224965,133.062005,Patch,10,18,17,4,7,36,18,,Raymond Jakub
Indonesia,KAIMANA,cohort,8/5/17,2017,P. Nusaulan,1,,Yes,outside,-4.11698,132.97489,Fringing,3,18,31,0,4,47,0,0,Raymond Jakub
Indonesia,SERIBU_,cohort,8/26/15,2015,Pamagaran Selatan,2,,Yes,outside,-5.638,106.5924,Fringing,7,60,0,0,17,14,9,,Raymond Jakub
Indonesia,SERIBU_,cohort,6/14/17,2017,Pamagaran Selatan,1,,Yes,outside,-5.638,106.5924,Fringing,7,32,9,0,5,42,13.1,,Raymond Jakub
Indonesia,SERIBU_,cohort,6/14/17,2017,Pamagaran Selatan,2,,Yes,outside,-5.638,106.5924,Fringing,7,32,2,2,2,39,23.68,,Raymond Jakub
Indonesia,SERIBU_,cohort,8/26/15,2015,Pamagaran Selatan,1,,Yes,outside,-5.638,106.5924,Fringing,7,31,0,12,1,32,23.2,,Raymond Jakub
Indonesia,SERIBU_,cohort,8/25/15,2015,Pamagaran Timur,1,,Yes,outside,-5.6345,106.599,Fringing,7,51,0,8,13,20,8.2,,Raymond Jakub
Indonesia,SERIBU_,cohort,8/25/15,2015,Pamagaran Timur,2,,Yes,outside,-5.6345,106.599,Fringing,7,45,0,31,5,19,1.2,,Raymond Jakub
Indonesia,SERIBU_,cohort,6/13/17,2017,Pamagaran Timur,2,,Yes,outside,-5.6345,106.599,Fringing,7,29,0,0,1,46,24.24,,Raymond Jakub
Indonesia,SERIBU_,cohort,6/13/17,2017,Pamagaran Timur,1,,Yes,outside,-5.6345,106.599,Fringing,7,27,0,3,1,40,29.08,,Raymond Jakub
Indonesia,SERIBU_,cohort,8/26/15,2015,Pamagaran Utara,2,,Yes,outside,-5.6314,106.5784,Fringing,7,18,0,6,6,55,14.8,,Raymond Jakub
Indonesia,SERIBU_,cohort,8/26/15,2015,Pamagaran Utara,1,,Yes,outside,-5.6314,106.5784,Fringing,7,14,0,16,9,53,7.8,,Raymond Jakub
Indonesia,SERIBU_,cohort,6/14/17,2017,Pamagaran Utara,2,,Yes,outside,-5.6314,106.5784,Fringing,7,6,6,12,0,23,53.1,,Raymond Jakub
Indonesia,SERIBU_,cohort,6/14/17,2017,Pamagaran Utara,1,,Yes,outside,-5.6314,106.5784,Fringing,7,5,2,7,3,39,43.62,,Raymond Jakub
Indonesia,SERIBU_,cohort,8/25/15,2015,Panjang Besar Barat,1,,Yes,outside,-5.6444,106.5537,Fringing,7,33,0,10,8,37,12.4,,Raymond Jakub
Indonesia,SERIBU_,cohort,8/25/15,2015,Panjang Besar Barat,2,,Yes,outside,-5.6444,106.5537,Fringing,7,32,0,10,4,47,7,,Raymond Jakub
Indonesia,SERIBU_,cohort,6/13/17,2017,Panjang Besar Barat,2,,Yes,outside,-5.6444,106.5537,Fringing,7,28,2,2,4,25,38.36,,Raymond Jakub
Indonesia,SERIBU_,cohort,6/13/17,2017,Panjang Besar Barat,1,,Yes,outside,-5.6444,106.5537,Fringing,7,3,0,2,3,35,57.08,,Raymond Jakub
Indonesia,BANDAMP,cohort,8/10/17,2017,Pantai Belakang,3,,No,outside,-4.49419,129.93678,Slope,10,66,15,0,7,7,5,0,Raymond Jakub
Indonesia,BANDAMP,cohort,8/10/17,2017,Pantai Belakang,2,,No,outside,-4.49419,129.93678,Slope,10,53,14,0,18,12,3,0,Raymond Jakub
Indonesia,BANDAMP,cohort,8/10/17,2017,Pantai Belakang,1,,No,outside,-4.49419,129.93678,Slope,10,49,23,0,8,7,13,0,Raymond Jakub
Indonesia,BANDAMP,cohort,8/10/17,2017,Pantai Depan,1,,No,outside,-4.49419,129.93678,Slope,10,58,17,0,1,17,7,0,Raymond Jakub
Indonesia,BANDAMP,cohort,8/10/17,2017,Pantai Depan,3,,No,outside,-4.49419,129.93678,Slope,10,58,14,0,20,6,2,0,Raymond Jakub
Indonesia,BANDAMP,cohort,8/10/17,2017,Pantai Depan,2,,No,outside,-4.49419,129.93678,Slope,10,52,33,0,2,10,3,0,Raymond Jakub
Indonesia,BUMBANG,cohort,7/6/14,2014,Pantai Ujung,1,,Yes,inside,-8.946316667,116.3709333,Fringing,7,28,51,9,2,9,1,,Raymond Jakub
Indonesia,BUMBANG,cohort,12/14/12,2012,Pantai Ujung,1,,Yes,inside,-8.946316667,116.3709333,Fringing,7,26,42,21,1,4,6,,Raymond Jakub
Indonesia,BUMBANG,cohort,7/30/15,2015,Pantai Ujung,1,,Yes,inside,-8.946316667,116.3709333,Fringing,7,24,26,20,2,23,5,,Raymond Jakub
Indonesia,BUMBANG,cohort,7/30/15,2015,Pantai Ujung,3,,Yes,inside,-8.946316667,116.3709333,Fringing,7,24,32,12,5,19,8,,Raymond Jakub
Indonesia,BUMBANG,cohort,7/30/15,2015,Pantai Ujung,2,,Yes,inside,-8.946316667,116.3709333,Fringing,7,23,22,21,0,25,9,,Raymond Jakub
Indonesia,BUMBANG,cohort,12/14/12,2012,Pantai Ujung,2,,Yes,inside,-8.946316667,116.3709333,Fringing,7,17,47,15,2,7,12,,Raymond Jakub
Indonesia,BUMBANG,cohort,7/6/14,2014,Pantai Ujung,2,,Yes,inside,-8.946316667,116.3709333,Fringing,7,17,45,7,3,24,4,,Raymond Jakub
Indonesia,BUMBANG,cohort,12/14/12,2012,Pantai Ujung,3,,Yes,inside,-8.946316667,116.3709333,Fringing,7,15,54,14,0,10,7,,Raymond Jakub
Indonesia,BUMBANG,cohort,7/6/14,2014,Pantai Ujung,3,,Yes,inside,-8.946316667,116.3709333,Fringing,7,15,55,9,3,14,4,,Raymond Jakub
Indonesia,BUMBANG,cohort,7/5/17,2017,Pantai Ujung,2,,Yes,inside,-8.9463,116.3709,Fringing,7,24,30,1,0,44,1,0,Raymond Jakub
Indonesia,BUMBANG,cohort,7/5/17,2017,Pantai Ujung,3,,Yes,inside,-8.9463,116.3709,Fringing,7,12,29,3,2,53,1,0,Raymond Jakub
Indonesia,BUMBANG,cohort,7/5/17,2017,Pantai Ujung,1,,Yes,inside,-8.9463,116.3709,Fringing,7,10,21,0,1,68,0,0,Raymond Jakub
Indonesia,BANDAMP,cohort,8/9/17,2017,Pantai Wali,1,,No,TURF,-4.51655,129.93909,Slope,10,56,10,0,13,8,13,0,Raymond Jakub
Indonesia,BANDAMP,cohort,8/9/17,2017,Pantai Wali,2,,No,TURF,-4.51655,129.93909,Slope,10,52,9,0,8,12,19,0,Raymond Jakub
Indonesia,BANDAMP,cohort,8/9/17,2017,Pantai Wali,3,,No,TURF,-4.51655,129.93909,Slope,10,49,17,0,9,14,11,0,Raymond Jakub
Indonesia,BANDAMP,cohort,1/1/13,2013,Pohon Miring,1,,Yes,outside,-4.51341,129.94484,Slope,10,68.97,9.37,1,0,12,8.66,,Raymond Jakub
Indonesia,BANDAMP,cohort,8/9/17,2017,Pohon Miring,1,,Yes,outside,-4.51341,129.94484,Slope,10,68,4,0,4,7,17,0,Raymond Jakub
Indonesia,BANDAMP,cohort,8/9/17,2017,Pohon Miring,2,,Yes,outside,-4.51341,129.94484,Slope,10,58,8,0,8,18,8,0,Raymond Jakub
Indonesia,BANDAMP,cohort,8/9/17,2017,Pohon Miring,3,,Yes,outside,-4.51341,129.94484,Slope,10,52,19,0,3,23,3,0,Raymond Jakub
Indonesia,BANDAMP,cohort,1/1/13,2013,Pulau Wali,1,,No,TURF,-4.51655,129.93909,Slope,10,40.67,37,2,0,13,7.33,,Raymond Jakub
Indonesia,KAIMANA,cohort,3/21/15,2015,Rep Keramat,1,,Yes,outside,-4.114618432,133.0575518,Patch,10,44,7,4,12,22,11,,Raymond Jakub
Indonesia,KAIMANA,cohort,3/21/15,2015,Rep Keramat,3,,Yes,outside,-4.114618432,133.0575518,Patch,10,43,11,2,6,21,17,,Raymond Jakub
Indonesia,KAIMANA,cohort,3/21/15,2015,Rep Keramat,2,,Yes,outside,-4.114618432,133.0575518,Patch,10,40,8,2,11,23,16,,Raymond Jakub
Indonesia,KAIMANA,cohort,8/8/17,2017,Rep Keramat,3,,Yes,outside,-4.09322,133.06201,Fringing,8,94,0,0,0,3,3,0,Raymond Jakub
Indonesia,KAIMANA,cohort,8/8/17,2017,Rep Keramat,2,,Yes,outside,-4.09322,133.06201,Fringing,8,77,3,0,0,5,15,0,Raymond Jakub
Indonesia,KAIMANA,cohort,8/8/17,2017,Rep Keramat,1,,Yes,outside,-4.09322,133.06201,Fringing,8,70,0,0,0,0,30,0,Raymond Jakub
Indonesia,KAIMANA,cohort,8/6/17,2017,Rep Luar,2,,Yes,outside,-4.11462,133.05755,Fringing,15,10,2,0,12,10,66,0,Raymond Jakub
Indonesia,KAIMANA,cohort,8/6/17,2017,Rep Luar,3,,Yes,outside,-4.11462,133.05755,Fringing,15,7,3,0,5,3,82,0,Raymond Jakub
Indonesia,KAIMANA,cohort,8/6/17,2017,Rep Luar,1,,Yes,outside,-4.11462,133.05755,Fringing,15,6,3,0,7,8,76,0,Raymond Jakub
Indonesia,KAIMANA,cohort,3/21/15,2015,Rep Luar,1,,Yes,outside,-4.114618,133.05755,Fringing,10,8,3,17,18,2,52,,Raymond Jakub
Indonesia,KAIMANA,cohort,3/21/15,2015,Rep Luar,3,,Yes,outside,-4.114618,133.05755,Fringing,10,5,2,20,14,6,53,,Raymond Jakub
Indonesia,KAIMANA,cohort,3/21/15,2015,Rep Luar,2,,Yes,outside,-4.114618,133.05755,Fringing,10,4,7,17,19,1,52,,Raymond Jakub
Indonesia,KAIMANA,cohort,3/21/15,2015,Rep Taruri 1,3,,No,outside,-4.16538,133.29702,Fringing,10,28,22,4,6,8,32,,Raymond Jakub
Indonesia,KAIMANA,cohort,3/21/15,2015,Rep Taruri 1,1,,No,outside,-4.16538,133.29702,Fringing,10,25,23,5,3,9,35,,Raymond Jakub
Indonesia,KAIMANA,cohort,3/21/15,2015,Rep Taruri 1,2,,No,outside,-4.16538,133.29702,Fringing,10,23,25,3,8,13,28,,Raymond Jakub
Indonesia,SABANG_,cohort,8/26/15,2015,Reuteuk,1,,No,outside,5.854613474,95.36329036,Fringing,8,52,1,2,0,21,24,,Raymond Jakub
Indonesia,SABANG_,cohort,8/26/15,2015,Reuteuk,2,,No,outside,5.854613474,95.36329036,Fringing,8,41,1,0,5,23,30,,Raymond Jakub
Indonesia,SABANG_,cohort,8/26/15,2015,Reuteuk,3,,No,outside,5.854613474,95.36329036,Fringing,8,39,0,1,2,16,42,,Raymond Jakub
Indonesia,GILIMAT,cohort,9/16/15,2015,Romantic Reef,3,,No,outside,,,Fringing,10,31,7,8,2,0,52,,Raymond Jakub
Indonesia,GILIMAT,cohort,9/16/15,2015,Romantic Reef,1,,No,outside,,,Fringing,10,9,17,1,12,0,61,,Raymond Jakub
Indonesia,GILIMAT,cohort,9/16/15,2015,Romantic Reef,2,,No,outside,,,Fringing,10,9,29,1,2,2,57,,Raymond Jakub
Indonesia,GILIMAT,cohort,9/17/15,2015,Secret Garden,3,,Yes,inside,-8.33813,116.03385,Fringing,10,27,0,0,9,1,63,,Raymond Jakub
Indonesia,GILIMAT,cohort,9/17/15,2015,Secret Garden,2,,Yes,inside,-8.33813,116.03385,Fringing,10,24,0,0,21,1,54,,Raymond Jakub
Indonesia,GILIMAT,cohort,9/17/15,2015,Secret Garden,1,,Yes,inside,-8.33813,116.03385,Fringing,10,19,0,0,17,6,58,,Raymond Jakub
Indonesia,GILIMAT,cohort,7/8/17,2017,Secret Garden,1,,Yes,inside,,,Fringing,12,11,6,0,15,54,14,0,Raymond Jakub
Indonesia,GILIMAT,cohort,7/8/17,2017,Secret Garden,2,,Yes,inside,,,Fringing,12,11,2,0,10,13,64,0,Raymond Jakub
Indonesia,GILIMAT,cohort,7/8/17,2017,Secret Garden,3,,Yes,inside,,,Fringing,12,4,3,0,17,15,61,0,Raymond Jakub
Indonesia,GILIMAT,cohort,9/16/15,2015,Sinta's Reef,1,,Yes,TURF,-8.33978,116.05623,Fringing,10,86,4,0,0,2,8,,Raymond Jakub
Indonesia,GILIMAT,cohort,7/8/17,2017,Sinta's Reef,3,,Yes,TURF,,,Fringing,10,85,0,0,0,3,12,0,Raymond Jakub
Indonesia,GILIMAT,cohort,9/16/15,2015,Sinta's Reef,2,,Yes,TURF,-8.33978,116.05623,Fringing,10,67,2,0,12,5,14,,Raymond Jakub
Indonesia,GILIMAT,cohort,7/8/17,2017,Sinta's Reef,2,,Yes,TURF,,,Fringing,10,51,0,0,0,1,48,0,Raymond Jakub
Indonesia,GILIMAT,cohort,7/8/17,2017,Sinta's Reef,1,,Yes,TURF,,,Fringing,10,41,3,0,0,12,44,0,Raymond Jakub
Indonesia,GILIMAT,cohort,9/16/15,2015,Sinta's Reef,3,,Yes,TURF,-8.33978,116.05623,Fringing,10,38,3,5,6,14,34,,Raymond Jakub
Indonesia,MAYALIB,prototype,7/6/14,2014,South of Yensner,RH0410,3,Yes,outside,,,,,8.7,12,0.3,,,,0,WWF
Indonesia,MAYALIB,prototype,7/8/16,2016,South of Yensner,M00816,3,Yes,outside,,,,,18.3,11.3,21.3,,,,0,WWF
Indonesia,WAKA_DT,cohort,6/24/17,2017,Sumanga East,2,,No,outside,,,Fringing,7,49,0,0,0,4,47,,Raymond Jakub
Indonesia,WAKA_DT,cohort,6/24/17,2017,Sumanga East,1,,No,outside,,,Fringing,7,61,0,5,0,2,32,,Raymond Jakub
Indonesia,WAKA_DT,cohort,8/9/17,2017,Sumanga North,1,,Yes,outside,-5.38004,123.64357,Fringing,6,30,40,0,2,26,2,,Raymond Jakub
Indonesia,WAKA_DT,cohort,9/14/15,2015,Sumanga North,3,,Yes,outside,-5.38004,123.64357,Fringing,8,28,7,3,0,23,39,,Raymond Jakub
Indonesia,WAKA_DT,cohort,9/14/15,2015,Sumanga North,2,,Yes,outside,-5.38004,123.64357,Fringing,8,28,2,1,3,18,48,,Raymond Jakub
Indonesia,WAKA_DT,cohort,9/14/15,2015,Sumanga North,1,,Yes,outside,-5.38004,123.64357,Fringing,8,34,2,1,2,9,52,,Raymond Jakub
Indonesia,WAKA_DT,cohort,8/9/17,2017,Sumanga Northeast,3,,Yes,outside,-5.38815,123.64365,Fringing,6,15,39,0,0,28,18,,Raymond Jakub
Indonesia,WAKA_DT,cohort,8/9/17,2017,Sumanga Northeast,2,,Yes,outside,-5.38815,123.64365,Fringing,6,33,30,0,0,29,8,,Raymond Jakub
Indonesia,WAKA_DT,cohort,8/9/17,2017,Sumanga Northeast,1,,Yes,outside,-5.38815,123.64365,Fringing,6,36,43,0,0,9,12,,Raymond Jakub
Indonesia,WAKA_DT,cohort,9/14/15,2015,Sumanga Northeast,3,,Yes,outside,-5.38815,123.64365,Fringing,10,47,16,1,8,16,12,,Raymond Jakub
Indonesia,WAKA_DT,cohort,9/14/15,2015,Sumanga Northeast,2,,Yes,outside,-5.38815,123.64365,Fringing,10,44,14,2,5,21,14,,Raymond Jakub
Indonesia,WAKA_DT,cohort,9/14/15,2015,Sumanga Northeast,1,,Yes,outside,-5.38815,123.64365,Fringing,10,27,20,1,18,28,6,,Raymond Jakub
Indonesia,WAKA_DT,cohort,6/24/17,2017,Sumanga West,1,,No,outside,,,Fringing,6,32,14,0,0,5,49,,Raymond Jakub
Indonesia,SABANG_,cohort,8/26/15,2015,Sumur Tiga,1,,No,outside,5.892068894,95.34120438,Fringing,10,68,2,0,0,15,15,,Raymond Jakub
Indonesia,SABANG_,cohort,8/26/15,2015,Sumur Tiga,2,,No,outside,5.892068894,95.34120438,Fringing,10,49,3,0,2,16,30,,Raymond Jakub
Indonesia,SABANG_,cohort,8/26/15,2015,Sumur Tiga,3,,No,outside,5.892068894,95.34120438,Fringing,10,30,0,2,0,19,49,,Raymond Jakub
Indonesia,BANDAMP,cohort,1/1/13,2013,Syahrir Timur,1,,No,outside,-4.49419,129.93678,Slope,10,72,15.6,1.1,0,3.3,8,,Raymond Jakub
Indonesia,TAKABON,cohort,5/10/16,2016,Taka Dangka (TB03),2,,Yes,outside,-6.56895,120.94524,Patch,10,35,35,0,5,8,17,,Raymond Jakub
Indonesia,TAKABON,cohort,5/10/16,2016,Taka Dangka (TB03),1,,Yes,outside,-6.56895,120.94524,Patch,10,27,26,3,2,7,33,,Raymond Jakub
Indonesia,TAKABON,cohort,5/10/16,2016,Taka Dangka (TB03),3,,Yes,outside,-6.56895,120.94524,Patch,10,22,27,5,11,18,17,,Raymond Jakub
Indonesia,TAKABON,cohort,7/25/17,2017,Taka Dangka (TB03),1,,Yes,outside,-6.56895,120.94524,Fringing,10,7,4,0,6,17,66,0,Raymond Jakub
Indonesia,TAKABON,cohort,7/25/17,2017,Taka Dangka (TB03),3,,Yes,outside,-6.56895,120.94524,Fringing,10,5,4,0,4,5,82,0,Raymond Jakub
Indonesia,TAKABON,cohort,7/25/17,2017,Taka Dangka (TB03),2,,Yes,outside,-6.56895,120.94524,Fringing,10,4,4,2,2,3,85,0,Raymond Jakub
Indonesia,TAKABON,cohort,5/11/16,2016,Taka Silebu (TB01),1,,No,outside,-6.59081,120.94416,Fringing,10,36,23,6,5,8,14,,Raymond Jakub
Indonesia,TAKABON,cohort,5/11/16,2016,Taka Silebu (TB01),3,,No,outside,-6.59081,120.94416,Fringing,10,36,18,3,4,14,20,,Raymond Jakub
Indonesia,TAKABON,cohort,5/11/16,2016,Taka Silebu (TB01),2,,No,outside,-6.59081,120.94416,Fringing,10,31,11,11,14,9,18,,Raymond Jakub
Indonesia,TAKABON,cohort,5/11/16,2016,Taka Silebu (TB02),3,,No,outside,-6.57569,120.92986,Fringing,10,26,29,10,0,12,23,,Raymond Jakub
Indonesia,TAKABON,cohort,5/11/16,2016,Taka Silebu (TB02),2,,No,outside,-6.57569,120.92986,Fringing,10,20,22,5,4,11,38,,Raymond Jakub
Indonesia,TAKABON,cohort,5/11/16,2016,Taka Silebu (TB02),1,,No,outside,-6.57569,120.92986,Fringing,10,11,8,14,10,13,44,,Raymond Jakub
Indonesia,BUNAKEN,cohort,7/16/17,2017,Tambelang,1,,No,outside,,,Fringing,,42.9,3.2,0,8.3,12.9,32.7,,Raymond Jakub
Indonesia,BUNAKEN,cohort,7/18/17,2017,Tambelang,3,,No,outside,,,Fringing,,42.16,9.52,0,0.98,16.62,30.72,,Raymond Jakub
Indonesia,BUNAKEN,cohort,7/17/17,2017,Tambelang,2,,No,outside,,,Fringing,,40.9,3.2,0,8.34,12.7,34.86,,Raymond Jakub
Indonesia,BUNAKEN,cohort,7/19/17,2017,Tanjung Ringgi,1,,No,inside,1.284056,124.530361,Fringing,,67.06,0,0,5,1.2,26.74,,Raymond Jakub
Indonesia,BUNAKEN,cohort,7/21/17,2017,Tanjung Ringgi,3,,No,inside,1.284056,124.530361,Fringing,,64.2,9.52,0,0.98,16.62,8.68,,Raymond Jakub
Indonesia,BUNAKEN,cohort,7/20/17,2017,Tanjung Ringgi,2,,No,inside,1.284056,124.530361,Fringing,,43.3,3,0.4,12,14.8,26.5,,Raymond Jakub
Indonesia,TAKABON,cohort,7/24/17,2017,TB05 - Latondu Selatan,3,,No,outside,-6.54816,120.9264,Fringing,10,51,17,4,12,7,9,0,Raymond Jakub
Indonesia,TAKABON,cohort,7/24/17,2017,TB05 - Latondu Selatan,1,,No,outside,-6.54816,120.9264,Fringing,10,49,8,2,6,14,21,0,Raymond Jakub
Indonesia,TAKABON,cohort,7/24/17,2017,TB05 - Latondu Selatan,2,,No,outside,-6.54816,120.9264,Fringing,10,44,18,4,10,7,17,0,Raymond Jakub
Indonesia,BUNAKEN,cohort,7/23/17,2017,Teling Reef,2,,Yes,outside,,,Fringing,,41.14,9,6.1,5.4,17.56,20.8,,Raymond Jakub
Indonesia,BUNAKEN,cohort,1/1/12,2012,Teling Reef,1,,Yes,outside,,,Fringing,,35.66,5.12,3.5,15.8,17.24,22.68,,Raymond Jakub
Indonesia,BUNAKEN,cohort,7/24/17,2017,Teling Reef,3,,Yes,outside,,,Fringing,,20.42,17.08,3.24,4.08,10.52,44.66,,Raymond Jakub
Indonesia,BUNAKEN,cohort,7/22/17,2017,Teling Reef,1,,Yes,outside,,,Fringing,,16.92,5.46,0,0.7,23.58,53.34,,Raymond Jakub
Indonesia,MAYALIB,prototype,7/6/14,2014,Telma Reef,RH0397,3,Yes,outside,,,,,13.3,15.7,0.7,,,,0,WWF
Indonesia,MAYALIB,prototype,7/8/16,2016,Telma Reef,M01516,3,Yes,outside,,,,,15,14.7,3.3,,,,0,WWF
Indonesia,ANAMBAS,cohort,10/4/15,2015,Temawan Besar,2,,Yes,inside,3.181683333,106.2993667,Fringing,10,32,0,40,0,8,20,,Raymond Jakub
Indonesia,ANAMBAS,cohort,10/4/15,2015,Temawan Besar,1,,Yes,inside,3.181683333,106.2993667,Fringing,10,29,8,49,0,0,14,,Raymond Jakub
Indonesia,ANAMBAS,cohort,10/4/15,2015,Temawan Besar,3,,Yes,inside,3.181683333,106.2993667,Fringing,10,26,0,43,4,0,27,,Raymond Jakub
Indonesia,ANAMBAS,cohort,7/20/17,2017,TEMAWAN BESAR,3,,Yes,inside,3.18168,106.29937,Fringing,10,18,1,18,2,0,61,0,Raymond Jakub
Indonesia,ANAMBAS,cohort,7/20/17,2017,TEMAWAN BESAR,1,,Yes,inside,3.18168,106.29937,Fringing,10,16,0,31,3,0,50,0,Raymond Jakub
Indonesia,ANAMBAS,cohort,7/20/17,2017,TEMAWAN BESAR,2,,Yes,inside,3.18168,106.29937,Fringing,10,13,0,35,1,0,51,0,Raymond Jakub
Indonesia,KAIMANA,cohort,8/6/17,2017,Tg Papisoin,2,,No,inside,-4.1097,133.02263,Fringing,8,37,27,0,5,16,15,0,Raymond Jakub
Indonesia,KAIMANA,cohort,8/6/17,2017,Tg Papisoin,3,,No,inside,-4.1097,133.02263,Fringing,8,35,20,0,4,36,5,0,Raymond Jakub
Indonesia,KAIMANA,cohort,8/6/17,2017,Tg Papisoin,1,,No,inside,-4.1097,133.02263,Fringing,8,22,23,0,4,29,22,0,Raymond Jakub
Indonesia,KAIMANA,cohort,3/21/15,2015,Tj. Papisoin,1,,No,outside,-4.111549063,132.994962,Fringing,10,47,10,13,7,10,13,,Raymond Jakub
Indonesia,KAIMANA,cohort,3/21/15,2015,Tj. Papisoin,2,,No,outside,-4.111549063,132.994962,Fringing,10,8,4,17,5,1,65,,Raymond Jakub
Indonesia,KAIMANA,cohort,3/21/15,2015,Tj. Papisoin,3,,No,outside,-4.111549063,132.994962,Fringing,10,4,0,6,7,2,81,,Raymond Jakub
Indonesia,KOLONOB,cohort,8/30/15,2015,UZ 1/ Tumbuî Jaya,1,,Yes,TURF,-4.39601,122.75924,Fringing,7,11,0,0,0,5,84,,Raymond Jakub
Indonesia,KOLONOB,cohort,6/11/17,2017,UZ 1/ Tumbuî Jaya,1,,Yes,TURF,-4.39601,122.75924,Fringing,7,7,0,0,0,8,85,,Raymond Jakub
Indonesia,KOLONOB,cohort,8/30/15,2015,UZ 1/ Tumbuî Jaya,2,,Yes,TURF,-4.39601,122.75924,Fringing,7,0,0,0,0,0,100,,Raymond Jakub
Indonesia,KOLONOB,cohort,8/30/15,2015,UZ 1/ Tumbuî Jaya,3,,Yes,TURF,-4.39601,122.75924,Fringing,7,0,0,0,0,0,100,,Raymond Jakub
Indonesia,KOLONOB,cohort,6/11/17,2017,UZ 1/ Tumbuî Jaya,2,,Yes,TURF,-4.39601,122.75924,Fringing,7,0,0,0,0,0,100,,Raymond Jakub
Indonesia,KOLONOB,cohort,6/11/17,2017,UZ 1/ Tumbuî Jaya,3,,Yes,TURF,-4.39601,122.75924,Fringing,7,0,0,0,0,0,100,,Raymond Jakub
Indonesia,KOLONOB,cohort,6/10/17,2017,UZ 2/ Batu Putih,1,,Yes,TURF,-4.42498,122.7985,Fringing,8,41,1,0,4,23,31,,Raymond Jakub
Indonesia,KOLONOB,cohort,8/29/15,2015,UZ 2/ Batu Putih,1,,Yes,TURF,-4.42498,122.7985,Fringing,9,40,0,0,15,14,31,,Raymond Jakub
Indonesia,KOLONOB,cohort,8/29/15,2015,UZ 2/ Batu Putih,2,,Yes,TURF,-4.42498,122.7985,Fringing,9,33,0,0,14,25,28,,Raymond Jakub
Indonesia,KOLONOB,cohort,6/10/17,2017,UZ 2/ Batu Putih,2,,Yes,TURF,-4.42498,122.7985,Fringing,8,33,7,0,5,39,16,,Raymond Jakub
Indonesia,KOLONOB,cohort,6/10/17,2017,UZ 2/ Batu Putih,3,,Yes,TURF,-4.42498,122.7985,Fringing,8,8,0,0,4,12,76,,Raymond Jakub
Indonesia,KOLONOB,cohort,8/29/15,2015,UZ 2/ Batu Putih,3,,Yes,TURF,-4.42498,122.7985,Fringing,9,7,0,0,4,9,80,,Raymond Jakub
Indonesia,ANAMBAS,cohort,10/1/15,2015,UZ1 MSB,3,,Yes,TURF,3.1672,106.3062,Fringing,10,60,2,9,3,0,26,,Raymond Jakub
Indonesia,ANAMBAS,cohort,10/1/15,2015,UZ1 MSB,1,,Yes,TURF,3.1672,106.3062,Fringing,10,57,3,4,0,4,32,,Raymond Jakub
Indonesia,ANAMBAS,cohort,10/1/15,2015,UZ1 MSB,2,,Yes,TURF,3.1672,106.3062,Fringing,10,53,0,11,0,2,34,,Raymond Jakub
Indonesia,ANAMBAS,cohort,7/18/17,2017,UZ1 MSB,3,,Yes,TURF,3.1672,106.3062,Fringing,10,40,0,25,1,1,33,0,Raymond Jakub
Indonesia,ANAMBAS,cohort,7/18/17,2017,UZ1 MSB,2,,Yes,TURF,3.1672,106.3062,Fringing,10,35,5,31,2,0,27,0,Raymond Jakub
Indonesia,ANAMBAS,cohort,7/18/17,2017,UZ1 MSB,1,,Yes,TURF,3.1672,106.3062,Fringing,10,25,5,37,1,1,31,0,Raymond Jakub
Indonesia,ANAMBAS,cohort,10/2/15,2015,UZ3 TMW,1,,Yes,TURF,3.191283333,106.32225,Fringing,10,63,4,7,3,4,19,,Raymond Jakub
Indonesia,ANAMBAS,cohort,10/2/15,2015,UZ3 TMW,2,,Yes,TURF,3.191283333,106.32225,Fringing,10,56,2,11,0,5,26,,Raymond Jakub
Indonesia,ANAMBAS,cohort,10/2/15,2015,UZ3 TMW,3,,Yes,TURF,3.191283333,106.32225,Fringing,10,55,3,14,0,4,24,,Raymond Jakub
Indonesia,ANAMBAS,cohort,7/20/17,2017,UZ3 TMW,1,,Yes,TURF,3.19128,106.32225,Fringing,10,55,4,13,2,2,24,0,Raymond Jakub
Indonesia,ANAMBAS,cohort,7/20/17,2017,UZ3 TMW,2,,Yes,TURF,3.19128,106.32225,Fringing,10,46,1,23,2,3,25,0,Raymond Jakub
Indonesia,ANAMBAS,cohort,7/20/17,2017,UZ3 TMW,3,,Yes,TURF,3.19128,106.32225,Fringing,10,42,2,12,1,0,43,0,Raymond Jakub
Indonesia,ANAMBAS,cohort,10/2/15,2015,UZ4 DEKIL,3,,Yes,TURF,3.185266667,106.306,Fringing,10,76,2,5,0,3,14,,Raymond Jakub
Indonesia,ANAMBAS,cohort,10/2/15,2015,UZ4 DEKIL,1,,Yes,TURF,3.185266667,106.306,Fringing,10,53,6,15,0,5,21,,Raymond Jakub
Indonesia,ANAMBAS,cohort,10/2/15,2015,UZ4 DEKIL,2,,Yes,TURF,3.185266667,106.306,Fringing,10,51,0,11,3,9,26,,Raymond Jakub
Indonesia,ANAMBAS,cohort,7/19/17,2017,UZ4 DEKIL,3,,Yes,TURF,3.18527,106.306,Fringing,10,48,0,9,1,4,38,0,Raymond Jakub
Indonesia,ANAMBAS,cohort,7/19/17,2017,UZ4 DEKIL,1,,Yes,TURF,3.18527,106.306,Fringing,10,35,1,2,0,4,58,0,Raymond Jakub
Indonesia,ANAMBAS,cohort,7/19/17,2017,UZ4 DEKIL,2,,Yes,TURF,3.18527,106.306,Fringing,10,28,4,8,1,8,49,2,Raymond Jakub
Indonesia,ANAMBAS,cohort,10/2/15,2015,UZ5 MSB,1,,Yes,TURF,3.177616667,106.31415,Fringing,10,46,3,19,3,3,26,,Raymond Jakub
Indonesia,ANAMBAS,cohort,7/18/17,2017,UZ5 MSB,1,,Yes,TURF,3.17762,106.31415,Fringing,10,43,4,30,3,0,20,0,Raymond Jakub
Indonesia,ANAMBAS,cohort,10/2/15,2015,UZ5 MSB,2,,Yes,TURF,3.177616667,106.31415,Fringing,10,41,5,15,0,2,37,,Raymond Jakub
Indonesia,ANAMBAS,cohort,10/2/15,2015,UZ5 MSB,3,,Yes,TURF,3.177616667,106.31415,Fringing,10,40,2,14,0,2,42,,Raymond Jakub
Indonesia,ANAMBAS,cohort,7/18/17,2017,UZ5 MSB,2,,Yes,TURF,3.17762,106.31415,Fringing,10,39,5,27,2,0,27,0,Raymond Jakub
Indonesia,ANAMBAS,cohort,7/18/17,2017,UZ5 MSB,3,,Yes,TURF,3.17762,106.31415,Fringing,10,37,0,27,2,0,34,0,Raymond Jakub
Indonesia,GILIMAT,cohort,9/16/15,2015,West Meno,2,,No,inside,-8.35375,116.0511,Fringing,10,38,28,1,13,0,20,,Raymond Jakub
Indonesia,GILIMAT,cohort,9/16/15,2015,West Meno,1,,No,inside,-8.35375,116.0511,Fringing,10,34,29,0,2,1,34,,Raymond Jakub
Indonesia,GILIMAT,cohort,9/16/15,2015,West Meno,3,,No,inside,-8.35375,116.0511,Fringing,10,20,9,3,1,9,58,,Raymond Jakub
Indonesia,MAYALIB,prototype,7/6/14,2014,Yanderur,RH0406,3,Yes,inside,,,,,11.7,27.7,3,,,,0,WWF
Indonesia,MAYALIB,prototype,7/8/16,2016,Yanderur,M01616,3,Yes,inside,,,,,14.3,20,3.3,,,,0,WWF
Indonesia,MAYALIB,prototype,7/6/14,2014,Yandesawai 1,RH0418,3,Yes,outside,,,,,25,10,1.7,,,,0,WWF
Indonesia,MAYALIB,prototype,7/8/16,2016,Yandesawai 1,M01216,3,Yes,outside,,,,,21.7,15,2.7,,,,0,WWF
Indonesia,MAYALIB,prototype,7/6/14,2014,Yandesawai 2,RH0420,3,Yes,outside,,,,,28.3,22.3,0.7,,,,0,WWF
Indonesia,MAYALIB,prototype,7/8/16,2016,Yandesawai 2,M01316,3,Yes,outside,,,,,39.7,26,0.7,,,,0,WWF
Indonesia,GILIMAT,cohort,9/15/15,2015,Zona Inti Gili,2,,No,outside,,,Fringing,10,46,5,1,7,8,33,,Raymond Jakub
Indonesia,GILIMAT,cohort,9/15/15,2015,Zona Inti Gili,3,,No,outside,,,Fringing,10,34,1,2,4,9,50,,Raymond Jakub
Indonesia,GILIMAT,cohort,9/15/15,2015,Zona Inti Gili,1,,No,outside,,,Fringing,10,24,2,2,6,7,59,,Raymond Jakub